factor,characteristic,importance,share
1,resff3_12_1,31.924140824211968,0.0266942346270385
1,ret_12_1,27.233532269795734,0.022772055296210056
1,iskew_ff3_21d,27.05259937710232,0.022620763359618806
1,o_score,23.733276949988472,0.01984522204873201
1,ret_1_0,22.451269096798367,0.01877323647470498
1,ncoa_gr1a,22.338103347354465,0.018678609869590235
1,rmax5_rvol_21d,21.77142408159044,0.018204765659909576
1,dgp_dsale,21.29304271274143,0.017804754127208458
1,seas_1_1an,20.97976843516032,0.0175428013587874
1,f_score,20.407860438028973,0.01706458500381739
1,ivol_capm_21d,20.402295960320366,0.017059932115135176
1,capx_gr1,19.710790316263836,0.016481710949841778
1,ret_12_7,18.290215969085693,0.015293859250479358
1,saleq_gr1,17.688787036471897,0.014790958166090398
1,mispricing_mgmt,17.685076157251995,0.014787855213966672
1,ival_me,16.957891119851006,0.014179799757986113
1,be_me,16.554118182924057,0.013842174085498106
1,resff3_6_1,16.058329370286728,0.0134276068474046
1,ppeinv_gr1a,15.111376100116306,0.012635786233845626
1,ret_6_1,14.571059200498793,0.01218398563032226
1,ebitda_mev,14.565952883826363,0.012179715845394158
1,ncol_gr1a,14.339018768734402,0.011989958741311039
1,dolvol_var_126d,14.065938711166382,0.011761615458125254
1,niq_at,13.879934231440226,0.011606082776734358
1,oaccruals_at,13.569158474604288,0.011346219214076404
1,kz_index,13.095386081271702,0.01095006160103136
1,netis_at,12.961792919370863,0.01083835406196286
1,inv_gr1,12.92240669992235,0.010805420208274519
1,oaccruals_ni,12.722333934572008,0.010638123948990639
1,ni_be,12.626389662424723,0.010557897548351607
1,cash_at,12.191469722323948,0.010194227465922249
1,ret_9_1,11.987208657794529,0.010023429046890669
1,betadown_252d,11.923481729295519,0.009970142050357848
1,aliq_at,11.627968788146973,0.009723040904244536
1,chcsho_12m,11.56019409497579,0.009666369259696628
1,nfna_gr1a,11.235925859875149,0.009395223596058057
1,niq_at_chg1,11.17083772023519,0.009340798385977891
1,tangibility,11.101607667075264,0.00928290980277468
1,coa_gr1a,11.024886846542358,0.009218757611636272
1,dolvol_126d,10.99852599038018,0.00919671526809326
1,ocf_at_chg1,10.761679702334934,0.008998669832244666
1,ivol_capm_252d,10.610337707731459,0.008872121126200706
1,dsale_drec,10.174793243408203,0.008507928830935083
1,bidaskhl_21d,9.737249851226807,0.008142065078024237
1,zero_trades_126d,9.522552490234375,0.007962540067165015
1,rvol_21d,9.436286873287624,0.00789040673610051
1,ebit_bev,9.406539705064562,0.007865532836050734
1,sale_bev,9.36265754699707,0.007828839581568346
1,at_gr1,9.129141118791368,0.00763357849817332
1,opex_at,9.088137123319838,0.007599291897265554
1,cop_at,8.797304100460476,0.007356103991528382
1,netdebt_me,8.710152414109972,0.007283229749543521
1,taccruals_ni,8.427300956514147,0.007046715845685024
1,pi_nix,8.413847353723314,0.007035466251484352
1,sale_me,8.22584264808231,0.006878261027042978
1,eqnpo_me,7.970734755198161,0.006664945655914992
1,beta_dimson_21d,7.953289137946235,0.006650358030747544
1,at_be,7.8944011926651,0.006601117281037325
1,eqnetis_at,7.881786280208164,0.006590568980465063
1,bev_mev,7.723955419328478,0.006458594433212269
1,ocf_me,7.667758252885607,0.006411603651074665
1,div12m_me,7.654324756728278,0.006400370869579942
1,fnl_gr1a,7.508348888821072,0.006278309195649309
1,ivol_hxz4_21d,7.423055688540141,0.006206988977106001
1,ebit_sale,7.1849791341357765,0.006007914820734437
1,cop_atl1,7.116455554962158,0.005950616974881128
1,sti_gr1a,7.066950069533454,0.0059092216229862694
1,qmj_safety,7.063413288858202,0.0059062642480739915
1,ni_me,7.057086918089125,0.00590097428188266
1,inv_gr1a,7.02071049478319,0.005870557150722638
1,ope_be,7.001487506760491,0.0058544833288667495
1,at_turnover,6.906290650367737,0.00577488190014553
1,prc,6.815819117758009,0.005699231678833381
1,coskew_21d,6.73399293422699,0.00563081050020747
1,nncoa_gr1a,6.580962962574429,0.0055028503464556
1,age,6.45912308163113,0.005400970631454339
1,z_score,6.420275343788995,0.0053684870437393905
1,niq_be,6.403942863146464,0.005354830197883648
1,eq_dur,6.342894660101996,0.005303783090160325
1,lti_gr1a,6.272362139489916,0.005244805413535513
1,qmj_prof,6.21070216761695,0.0051932467587439265
1,turnover_var_126d,6.187710788514879,0.005174021894666006
1,ope_bel1,6.053843418757121,0.005062085069274361
1,op_atl1,5.991583824157715,0.005010025023706576
1,emp_gr1,5.9651907020145,0.004987955700089988
1,zero_trades_252d,5.9221939245859785,0.004952002780598635
1,iskew_hxz4_21d,5.826919396718343,0.0048723364047709074
1,zero_trades_21d,5.760818507936266,0.0048170643570775735
1,noa_at,5.685261037614611,0.004753884932713487
1,turnover_126d,5.5845857461293535,0.004669702562172923
1,op_at,5.580890708499485,0.004666612856423578
1,gp_atl1,5.580146418677436,0.00466599049833884
1,seas_1_1na,5.4622981150945025,0.004567448448810747
1,fcf_me,5.385124378734165,0.004502917539841519
1,at_me,5.36630027823978,0.004487177258591445
1,market_equity,5.233265466160244,0.004375936598842139
1,col_gr1a,5.2136635647879706,0.004359545938330746
1,dbnetis_at,5.132992717954847,0.004292090825763016
1,taccruals_at,4.99393453862932,0.0041758135644213695
1,rmax1_21d,4.9557691017786665,0.004143900501152269
1,ret_3_1,4.917529397540623,0.0041119253371965725
1,cowc_gr1a,4.915240221553379,0.004110011180720364
1,aliq_mat,4.9132549100452,0.004108351108754797
1,noa_gr1a,4.878899839189318,0.004079624186169619
1,tax_gr1a,4.724128524462382,0.003950207961263024
1,eqpo_me,4.716612100601196,0.003943922899960619
1,beta_60m,4.62342123190562,0.0038659988321601614
1,ami_126d,4.616569730970594,0.0038602697641638125
1,gp_at,4.610206974877252,0.0038549493733985424
1,sale_gr1,4.580934484799703,0.003830472388331019
1,mispricing_perf,4.513150546285841,0.0037737930130395327
1,sale_emp_gr1,4.455143305990431,0.0037252886886463043
1,iskew_capm_21d,4.433790405591329,0.003707433882894128
1,log_me_rank,4.38614696264267,0.0036675955282297213
1,eqnpo_12m,4.361866474151611,0.003647292740436358
1,prc_highprc_252d,4.15400931570265,0.0034734873501175083
1,ivol_ff3_21d,4.125458154413435,0.0034496135236447628
1,rmax5_21d,4.0589437286059065,0.00339399568577198
1,debt_me,3.9067485796080694,0.00326673359158387
1,be_gr1a,3.7333452900250754,0.0031217377364810726
1,sale_gr3,3.6810350351863437,0.003077997100710971
1,rskew_21d,3.661012742254469,0.0030612549184158284
1,ocf_at,3.617977009879218,0.003025269425691147
1,lnoa_gr1a,3.5267215967178345,0.0029489637414338655
2,dolvol_126d,15.327594969007704,0.023931352274339898
2,dolvol_var_126d,11.384592003292507,0.0177750444398691
2,ncol_gr1a,11.171951611836752,0.01744304374922124
2,ppeinv_gr1a,9.850227276484171,0.015379402927367104
2,ret_12_7,9.43384583791097,0.014729296312001811
2,ret_9_1,9.02283959918552,0.014087582128806182
2,niq_at,8.884554862976074,0.013871674757618212
2,op_atl1,8.786305281851027,0.013718275262037592
2,ami_126d,8.483230339156258,0.013245076874826851
2,zero_trades_21d,8.366023805406359,0.013062079421299755
2,o_score,7.98570626311832,0.012468280257177177
2,turnover_var_126d,7.654582447475857,0.011951288472452559
2,iskew_capm_21d,7.35144317150116,0.011477989640104273
2,saleq_gr1,7.321360813246833,0.011431021311799483
2,ni_me,7.2644098732206555,0.011342102403720489
2,col_gr1a,7.005741198857625,0.010938236619099031
2,aliq_at,6.786152680714925,0.010595387646791313
2,oaccruals_ni,6.770961417092217,0.010571669152012292
2,ret_12_1,6.707073277897305,0.010471919023677284
2,rmax1_21d,6.699271572960748,0.01045973802923199
2,ebit_sale,6.6925225257873535,0.010449200575329456
2,qmj_safety,6.6364290316899615,0.010361620418738835
2,resff3_12_1,6.488521880573696,0.010130689333698133
2,market_equity,6.4409662750032215,0.010056439593159728
2,nfna_gr1a,6.338592012723287,0.009896600131104489
2,ivol_ff3_21d,6.302895241313511,0.009840865880989499
2,mispricing_mgmt,6.284298989507887,0.009811831094133337
2,ncoa_gr1a,6.154992010858324,0.00960994091737369
2,taccruals_ni,6.105800602171156,0.009533137157061392
2,ope_be,6.097555491659376,0.00952026386254929
2,dbnetis_at,6.058988677130805,0.009460048543286968
2,ret_1_0,6.028923326068455,0.009413106768730709
2,fcf_me,5.9799585872226295,0.009336656913635381
2,ebit_bev,5.966475791401333,0.009315605891795696
2,ivol_capm_252d,5.9138222270541725,0.00923339658241354
2,ebitda_mev,5.9099192884233265,0.009227302828013794
2,div12m_me,5.886400871806675,0.00919058294377065
2,lti_gr1a,5.84324926800198,0.00912320927986963
2,ocf_at_chg1,5.77579665184021,0.009017893845683305
2,ni_be,5.728166196081373,0.008943527239698683
2,eqnetis_at,5.721530305014716,0.008933166459218026
2,rmax5_rvol_21d,5.707211322254604,0.008910809878075628
2,eqnpo_12m,5.698144104745653,0.008896653007621162
2,bev_mev,5.682194100485908,0.008871749872361586
2,netis_at,5.649268918567234,0.008820342973315406
2,bidaskhl_21d,5.588453875647651,0.008725390946031907
2,dgp_dsale,5.5701265997356835,0.008696776117876207
2,iskew_ff3_21d,5.44566826025645,0.008502456241106281
2,noa_gr1a,5.360792888535394,0.008369938228712348
2,ivol_hxz4_21d,5.313406825065613,0.008295953198439659
2,ret_6_1,5.311177637841967,0.008292472713416248
2,sti_gr1a,5.305051803588867,0.008282908297225609
2,at_be,5.250927395290798,0.008198402522885909
2,niq_at_chg1,5.2399909893671675,0.008181327242432401
2,capx_gr1,5.1967992252773705,0.008113890875287189
2,eqnpo_me,5.184169146749708,0.008094171222001123
2,chcsho_12m,5.144879513316685,0.008032827347745798
2,coskew_21d,5.1157931089401245,0.00798741402680818
2,qmj_prof,4.924921088748508,0.007689400831407558
2,be_me,4.901884741253323,0.007653433613580097
2,emp_gr1,4.818116346995036,0.007522643952416403
2,netdebt_me,4.811821765369839,0.007512816066789417
2,resff3_6_1,4.785373171170552,0.007471521223976568
2,inv_gr1,4.719192081027561,0.007368191054741655
2,aliq_mat,4.690101186434428,0.007322770723118094
2,op_at,4.655010951889886,0.0072679834739787065
2,eqpo_me,4.603212157885234,0.007187108738626044
2,cash_at,4.578283349672954,0.007148186775179475
2,tangibility,4.577970133887397,0.0071476977436440515
2,cowc_gr1a,4.5190171003341675,0.007055652917534281
2,ivol_capm_21d,4.492103589905633,0.0070136321895396606
2,niq_be,4.473197791311476,0.0069841140996436705
2,cop_atl1,4.433919588724772,0.006922788072650792
2,sale_gr1,4.298642635345459,0.006711576827020558
2,age,4.2540551622708636,0.0066419613049945436
2,debt_me,4.227532645066579,0.0066005510443697445
2,inv_gr1a,4.186062574386597,0.006535802799632646
2,coa_gr1a,4.159718182351854,0.006494670650230765
2,opex_at,4.133074051804012,0.006453070511691536
2,mispricing_perf,4.127847479449378,0.006444910135294653
2,lnoa_gr1a,4.117433594332801,0.006428650679471791
2,gp_at,4.105979899565379,0.006410767743180992
2,beta_dimson_21d,4.101069251696269,0.006403100627479635
2,ival_me,4.09724376598994,0.006397127802242295
2,dsale_drec,4.063238819440206,0.006344035040031573
2,zero_trades_126d,4.016356269518535,0.0062708361578870855
2,fnl_gr1a,4.0145525733629865,0.006268020002568422
2,nncoa_gr1a,4.00378997458352,0.006251216091498251
2,taccruals_at,4.002430849605137,0.006249094056129474
2,f_score,3.9940607216623096,0.0062360255688171376
2,prc,3.9938345551490784,0.006235672449458769
2,betadown_252d,3.9316730035675898,0.0061386180849727495
2,at_me,3.8790675004323325,0.006056483814746777
2,beta_60m,3.8778774407174854,0.006054625745146093
2,oaccruals_at,3.8617300854788885,0.006029414480933076
2,seas_1_1an,3.860780802037981,0.006027932341270689
2,cop_at,3.694404913319482,0.00576816556044633
2,ope_bel1,3.6359048154619007,0.00567682791401557
2,seas_1_1na,3.552142745918698,0.005546048127785616
2,noa_at,3.5456445018450418,0.005535902258951937
2,pi_nix,3.5416735410690308,0.005529702299898318
2,log_me_rank,3.504071487320794,0.005470993285450374
2,sale_bev,3.472959670755598,0.005422417638480198
2,at_turnover,3.389158401224348,0.005291576648341543
2,be_gr1a,3.3879354993502298,0.005289667301467121
2,z_score,3.3041396935780845,0.005158834842030387
2,turnover_126d,3.2237760424613953,0.005033361090354776
2,rskew_21d,3.196274373266432,0.004990422055563746
2,prc_highprc_252d,3.1790193849139743,0.004963481416436261
2,at_gr1,3.163858473300934,0.004939810310998948
2,gp_atl1,3.1259852846463523,0.0048806779669307515
2,sale_me,3.028311808904012,0.004728177958901086
2,ocf_me,2.99764347076416,0.004680294725740412
2,iskew_hxz4_21d,2.996982561217414,0.0046792628313553734
2,eq_dur,2.9229806198014154,0.00456372177402758
2,zero_trades_252d,2.8364202313952975,0.004428572903500986
2,tax_gr1a,2.717857943640815,0.004243458677789693
2,sale_emp_gr1,2.687620242436727,0.00419624780870394
2,rmax5_21d,2.6631890866491528,0.004158102842268963
2,ret_3_1,2.573056783941057,0.004017377053796193
2,kz_index,2.456593301561144,0.003835539744709827
2,rvol_21d,2.375263101524777,0.003708556896353753
2,ocf_at,1.8741614653004541,0.0029261745456992494
2,sale_gr3,1.7648388246695201,0.002755486409054853
